date,sha256,status
2017-09-01,430a0ead6256153e2a7bb5227b003a79f83d54f50b0c4d4d3b3146b80818f334,ok
2017-09-14,f09a9e0893fa4279c943ea102931f8506f763e0766fa4f36b285b0aed24d110e,ok
2017-09-20,f03d56a4674c34dfd616fc17bebd16c82f1ebcde3a80d5143b152e00051c083f,ok
2017-10-06,59f30401108bd0d5c1d6e156b0d50af08be39364631ce87bb7adb489a3b29608,ok
2017-10-13,27d80ec01b608e49ac1186aa3514cb25c8d51169056b6b169f51776f3fd8ce01,ok
2017-11-01,1347e2d3b09df859cc941d7f30023f35f781429a25e1d856a6047986e152cdd0,ok
2017-11-03,4b9bef2c520602b6ff5d11eb44409add8cd6ceb5408707630928c433acce96b3,ok
2017-11-15,78dfed723004a40813be4ee575238342c11b25f336ce18c05df84091c87c8645,ok
2017-12-08,9abaac2c9d1600b27713876541f5139e593373d058ecab1a4786199f678689d2,ok
2017-12-13,cf12deda03840bf354cce72cd7c3f3b7aa9c4f2b8d1a3ff60f426d03b1e7a06d,ok
2018-01-05,4923363fdcc74ada3ea9978c4420c3c2e7f4a9eb78a28d6405ecad9a357b6081,ok
2018-01-12,86054be34fc447aabd9d50cd521426d1b9fcbbc93c22399070f8fde55bc568a8,ok
2018-01-31,8896030f9d144de9edea9f6984f6042640e9ef38222d1088f8f3d2a5eade33b1,ok
2018-02-02,cc0c3cc4e6d44521124e4ace391440c5ac491c6ba12376d656013af094d00230,ok
2018-02-14,176d16ec808e6e40701aa56e4fd9642af6097ee8911bfe9d213063a90b01aa38,ok
2018-03-09,032c8ecf1d017a3258eb92d98c8692a576b11af15bfa328856bb242aeafcf25a,ok
2018-03-13,765825f0837e90cc0577e27583824efc50ff2e55a533f713c8e9e16d5f0e4032,ok
2018-03-21,ed268d45be5dd6f66d729e527e2ef2870a5ec448783b903e7b9b53473b535be9,ok
2018-04-06,4a997b8e8876ee771ea81fb6e4b181dbcc62168764b3bdd1179449e9fc055293,ok
2018-04-11,b6b29eb52d5710367bda8eabe1f4521cf0c40d9b7fb3f1a9b259ce993757863c,ok
2018-05-02,f6a87f7eba47bca9ea53458f0b9f46ccd418ae675e6b34cc4e3b60d93418c047,ok
2018-05-04,eeef4688a21569f3d279ffac5e4ec95eb982416afc972e3b18fbabfa353d03a0,ok
2018-05-10,285284a5c126df1b1b3f89fb99c71e07915e965ec0ad5160607978ad9bf0d400,ok
2018-06-01,498ef86999b42fa33db127dd75267fa8fc95ac8563f3b1be34e6b88389b9ab2f,ok
2018-06-12,c73dd2fd0747cfb08defc5f475e0dad384efa102794c4179c485d2be75294e15,ok
2018-06-13,4a56ac2c85e8e29e36736a8032171f21ff3c307b7e7246239ae65d2a4d336d5f,ok
2018-07-06,be3bb188a24aef0bfc4401fe47c79a45d67294891349ef09610e0d96ed2bf4df,ok
2018-07-12,ae3dded324c8d1a2e17e931d4a07d539c5e4cc28ae9c25cb33c4f3a90286dce1,ok
2018-08-01,c1e464bb66778e4b301ad3d9a715abdfb9f912df2ee338dafcffdae11dbc1006,ok
2018-08-03,19a9bbf97f76d7b93b4f64d4ef2d1a8c235587fe5efd4e1f7ab0df1bddc3b75f,ok
2018-08-10,10d739fe16077dd9e21a25a8acf11b9d080f038797ed01739947a4279a1544b7,ok
2018-09-07,c365f770ae92225402af3a6ca59abf01c0a8c367024e9840c024cf46fd7c4e13,ok
2018-09-13,e23dbf9d28c9f50554242785e106e56fc46d6d2ea0496fed54a1771704b6f639,ok
2018-09-26,5364571842b775f4e7ed7549ac3723784e30177fe459673ea92a12778a6d7345,ok
2018-10-05,c20b438e8fb39b72d1fdc69df25097863a578a5141ed763b8cecab7a41a54236,ok
2018-10-11,c7f1da639f975b82791f044fe107f6a8963acc796773801f177860bd32773acb,ok
2018-11-02,77fecdb90eebf69863d7830d818c47d7c6d153a502adce3c8207a6f7cfb43336,ok
2018-11-08,e40595f7da2b85b8212477a15068ca440c760f977374b4966866aea0305ac234,ok
2018-11-14,13941eb35b5c05652a610afad0a8bc1a827a058e32c271fb635558af02e0c5e0,ok
2018-12-07,db2836f0be16b211bb8b1421f0d10fca21476bb2302f57255da4adb1418bdc20,ok
2018-12-12,47bb800f55976a7908138434cbe1f30f7b3cc24f45ecb392de443e0314dfedc1,ok
2018-12-19,d997a5f7cf368e14066c34d47cba0af49ab32b596d85939412f0f43109436bb8,ok
2019-01-04,51e5c7baac5778a812cda8ad3260864ec7bcbf87e56eb35803ab26f5753c6547,ok
2019-01-11,71a9a948ab61a1c2226a0ff995b6f57e37048df3ec64bbf980da667963a5244e,ok
2019-01-30,8eebf8e3fea5243304675dbeb1d79d2a8a013636eb9040f0a65515f37e59cc4d,ok
2019-02-01,3775f97ea5c5f4eaf221fb0f22f602515fe5b87f1ebdca3bb334f3fd4493c1c0,ok
2019-02-13,e616831d8e2f6253a950ffada597a672fbd7618b34dc9446b40774cd1d57e0a9,ok
2019-03-08,190119b4d5c67027f979efcc899ab551be9671adf4b52073dd0aff33db79a4fb,ok
2019-03-12,c3fe8889c0f90d29213416bfe9fb45628a9545208b9c619ea9490a6779065923,ok
2019-03-20,5e363a92184ecfc8ca74fecef30838acf3a0ff8596a1fae8ab0e0fb4ab88fc05,ok
2019-04-05,5e78c536cac303bceb7669fa65a14489ff73ae7540cfb501a9aaee2024d79ba4,ok
2019-04-10,7b03f3e4bf884eb0e2bca1850984f6a5e6137434cd04c3ed362e6dc9f9f196b8,ok
2019-05-01,28bf0295024366416ac506e73510016356aa9bb89f5a4e874edff263ea96aafa,ok
2019-05-03,d3258081df03e248d8541c20e731a244ea1e204c81a5e6ec487753c4dfc7c446,ok
2019-05-10,4a8ee9e01d77cf0f09d68c6a9624a0d4d1b8707ed08ea6ee9b336288d330642d,ok
2019-06-07,2807cfd4a7b4a844904864ddac62b6a38bad4f0fadc0dc04ec130a814c0a8b33,ok
2019-06-12,9a103d4075661e84e0351baaa4e5080feea8d05602b910f9e6086398407c1cf3,ok
2019-06-19,0196095a883f695953343f23f8935fce7e10156d89f712d85d0014249949cd5d,ok
2019-07-05,22ec46c5fbac4745439de273f7660171e5d8333a28c1b1a0f840bcffc11726f4,ok
2019-07-11,9269cade639fb24ed99686bb131e8beeebb512fe6843a024d132c51f2c676fba,ok
2019-07-31,db59a5037ef1b258679f5688af471957d80bd2d5d3196206239326a4fb7f5705,ok
2019-08-02,4013e87cc76876a33922bebc90c78e234e536bd223705f4d5b49fd3ad168b947,ok
2019-08-13,cb120c3076c9de50ea3d9a268176a7325a75d174982812b4e636eeceedc5b2b0,ok
2019-09-06,aef0b1892a0b5e614bbfe2b72ea9ffc33e95ea4885e088120c2c22ffe1b756e5,ok
2019-09-12,32f5271c770b8a08d9bea58bba4e7ca83ebeeb366d09c94fafa853669d3a8761,ok
2019-09-18,cab0e8cf5b793de95f1ffcbe4fe55aef1c842672c73f51231ddecbd6bb53f451,ok
2019-10-04,48bdf33f441808c3a339d070fd6457c6e20f33da079d608375e7c9e77f7d931e,ok
2019-10-10,3ce39723348e4eb0bdaf7551e21252d85db0aa93fb14344bedc84fc2f9b7c7c6,ok
2019-10-30,05e05ed2c587f3cc6c91a16e6e02e989a0b98517491499fa7acbae8828171746,ok
2019-11-01,6f61da2e29a49a2f89e9566728d9c18a4a859a1b4e29d59d3bf62bcb4b7f8f12,ok
2019-11-13,3f5a81e2b50bc321c49d959d79b46464ec509986b4e25b3cf185ad61e7ac29fe,ok
2019-12-06,fd56adcba183ee1f325dd0b11066cd64c4bba4eb0e47aa091addfbedcc007eeb,ok
2019-12-11,892de2e6ecd344305498f6b01d0b8003ebb291664aa99e4fe8b1823e195818f6,ok
2020-01-10,e8b4e5087025f512076c240d5f50d2b7bf13c590799babf376c507f684f62bfb,ok
2020-01-14,99bf0916cee1c07b6e7b164fad32260119840e7cf8799c37f00cd02c5dc596d4,ok
2020-01-29,05253263db5309ed4205f9b10f3d8d02388f6dbebb3f3a3ce62593c0242fbab1,ok
2020-02-07,1dc4328167871eeb60d6fff3119c2cb97c22d76b21b83cceb097ffaa8358f334,ok
2020-02-13,e4f622c42a827a82c2b5574f3de294daa2ff214285728217093f5a011b4995a2,ok
2020-03-06,555a293c9e149be6712f31ca8d98231cecd7b787c5fcf79fa176f2508caceeae,ok
2020-03-11,c44e8b330000661e5d417960363916d531877ac00ebe6c9c86118e7cdf4944da,ok
2020-04-03,9e2b6cf870ecc715fc9740b1a82d75d904b507efb0ab4ef9fd914df592e58fc8,ok
2020-04-10,ed43b970eeb0c3359de70694478cdc75560248f78e1fb9429552bf03cec6d578,ok
2020-04-29,414d4cd35ee1e8630ba6db06476f7e17554a1e84d0e22c0b461781329457e579,ok
2020-05-08,630a0ca696902d49073f96638b18c7dc6c6c86ebe153991d897228ed8fa3e4bf,ok
2020-05-12,1ccee589d0cccde7d958bba0076ed194f5754aa8a2eb615a1e114b6c6d49517b,ok
2020-06-05,88f1a4a99994a9c4fa763fad385b9aa689725c3a60e63cce1a828fa1afbba5db,ok
2020-06-10,3f7429ca9e81d0701456176f13a00470947257640a6929b500e2c7c5b740e2bd,ok
2020-07-02,7e939e019f2c62fd6feb5f2ea75cf9ccc299449ea05cdc2da6fd0455df2845bd,ok
2020-07-14,1cc0f01941e9089f0ba422f69e79b27097896ab63e387f4b29c0ddb1c8eccfd2,ok
2020-07-29,5b6f82c829dbd6c9fbd98b665b93764ffeb01da33cd412405394a9a691aa1dfa,ok
2020-08-07,21ed312e53c18c50ab5f579cbc749557e867a7504e02dc7d11f8ea70d7710089,ok
2020-08-12,2657517984d8e1ac9fdd09970cde41c6262e27f0f6b669dc244b64dc077015f6,ok
2020-09-04,1a305b5d974b17af9d6f7508aebee089a803c79fd1b38db683e814b720683287,ok
2020-09-11,1f1d3b6f2e653099723e911d92b7b43435bfcc3bfce8c629caa963710fb3c08b,ok
2020-09-16,ecf78f5c557e18d684100a804445706ec02bccc7e0e6331dd54ad53213cb0e20,ok
2020-10-02,e4ecb3afe7bd37359247a58f1a9965ad999c4c269f6d4d8d2421e74f9e3c7b62,ok
2020-10-13,6f9e8ee2bca17cb840080e97df79f97d736d0f40459e5aeeb0c8e4cc3a10cdf2,ok
2020-11-05,c492f9800ee915f1026803a4905fb115afbdaadce922b2463b250010a3cd8720,ok
2020-11-06,29cee382050a5ba300c53d6f48f1a03165bc0d16a7346dc2b0692877b1a28952,ok
2020-11-12,d35e80ba486e789f6572dde26043a5476dc9d97c942e4d37d702d16d342281e3,ok
2020-12-04,b837e874590b2921078140a81d11ade32c3bac9abef772c87878feab1dfb2b0a,ok
2020-12-10,eaae9b309d49c007897fb0af49edac1e4465af984c6e23bfe136822575657af1,ok
2020-12-16,1db26a78fbcc884d03d7e23814147916f5f898d71a842d5dce27a9c03f19d455,ok
2021-01-08,67bb4eaf611f7ef6dd8321ce26365a9fd07b1c264ecacb6454f934ffc41a9326,ok
2021-01-13,05e2ed79476149a5125beee47a2146b00f0ef9552822c70a6af152bfe25bc681,ok
2021-01-27,ce139c854c50c93eeaa757fff202aef5b628ae158ec4b06b447a4b239cf2c59e,ok
2021-02-05,c9c4561b4ab82927c5e79303c0b0b00f8473c7a7f09b07cea80113836f62b00f,ok
2021-02-10,90e0681ff4938988dcb3adf0edca956f7d690c8b019368a18f073fc1bb7dd447,ok
2021-03-05,47f8d189536871787c7978e573f1478328977075bee0c3d0339b3e3bbced5ffd,ok
2021-03-10,5500b4c2c5dd2f8cbb72cb4d22c19f391301c4e2a2e97807d09a2fb1786d3165,ok
2021-03-17,15fb295988fdd1335da45d134bd4e1dfb3d67f0dff31ee1e6903ca23cd785773,ok
2021-04-02,6b2db18d37a60fce81de40c82cf920f3c390ac0995583434b8ffdf877a572a05,ok
2021-04-13,43037db8c89ef327edcadfed3839bac9716707db1233a3f73d07316c34ff8e93,ok
2021-04-28,fee883c908865cb56fdba7c718d4ef70676790207777b4e82a7d9bd986752231,ok
2021-05-07,6b0e07e2d54c1cbd83a4a3f0ee45cf71eff5f84e1642de7e49c022f60b8f0cf2,ok
2021-05-12,3d0d54945e434faa4d8de159738b53e066133cfcee2df6ff9a3ba6c9797cbe43,ok
2021-06-04,94124ec6965ea2e1bfee12cd102862d96b2004eb1b9f0a1233ffc1fd5304a9d9,ok
2021-06-10,870fb11a44b17c672361523c476288b7ab4fbcb4df51b418309ec27058edc93e,ok
2021-06-16,2347526e83609d90f6a9994541fe8e019fa2932cf855254a54225b44c000aad4,ok
2021-07-02,c65567487bcc3fdbae793b8c13e30551c376e4f933a66de68ba3d551060f25a8,ok
2021-07-13,0255caee4f89112fdd82ceccd781dc0fec0d44053fc1abdd6114e5d520a2680b,ok
2021-07-28,4e29aef5c330b4a4596599a3020fd2075fedb839554f9015eb3207817205b1e4,ok
2021-08-06,aeb1b2390fa73f36d72430318132186ca628fc8c1878949d6333885f88826483,ok
2021-08-11,c2d54c2c16cd15f04b099e14e3c33c95cc60eee8266dcea19865e13da68a6964,ok
2021-09-03,c185abf7e511612e4bbd8c22781f734a73befccbcaef26bf147e6d64b8cf617c,ok
2021-09-14,c8a8c69d096635cc91cfa5da406e5a929f2afbce75165641fdb36b16d2079a8b,ok
2021-09-22,5accf853c1135fcceea2cbe60e132daa68f285094d0a0b17b20522986bf8d684,ok
2021-10-08,36edff9f3ba6fe388c78bcf7e7c699bfadc00c262b9dfc2dd76c4ea079afa142,ok
2021-10-13,46f0c3da906643553eec7a5345fb6d8440f96fb0c4ed883ac4ef443b8260cdfb,ok
2021-11-03,a1bf81ae4caa0cbd7685c0e48c727e71e9ad56bc2e4bbdf59c97e86abd6fc837,ok
2021-11-05,085799908c3bca6e4d50a6cd7de339eaa14ccfa6e5c08d759d6e41579b4e9d24,ok
2021-11-10,c331a7e0b737efeb8eb44b0bf110bf0479ac0c2ff713709cd0c2a9718e32e0f3,ok
2021-12-03,a9c20ed449cda0b4b82f2db96609ce71c10c6886fec8c9fc5bb0e78b48a23d5b,ok
2021-12-10,14673792b523e28f490dd919eb5a479c9b962f200d778bceea043e9330de3157,ok
2021-12-15,71b3af7e7f8b22368c46d4d523bb97d4eced780c8e4c14cd1a9ef192a1970fa6,ok
2022-01-07,db45892d76be06ef2fadfb86d9fef738253212817e0eac0308c49a4422c8a7d4,ok
2022-01-12,87c67412c6cc2bf413eeb3011b8a9af1db9b73438963fc1ea062379a7507fdcf,ok
2022-01-26,0dcfd4e70a3a5650619c3d47ff8cafdb0938252bbf56de9b187fdf39250b41f0,ok
2022-02-04,88a8eda519a856dbd2e009ec609bcf9b8133d7f491fa891483ab49c05c566dce,ok
2022-02-10,76dd8522549c518fda74a7d25c83ecf722cf585dd33df4182bf786a304e23f94,ok
2022-03-04,a2ab7a19a7032f4c381e9dab9e6123777157cc24fd290ada89e0109daf277635,ok
2022-03-10,349973247650aaf41c5888594b16cff90f5cc46e7526a3361512f43f2633e20d,ok
2022-03-16,94edfeffa3836634cc2040a79150b693e111456547af33ac51a6a4aaff591458,ok
2022-04-01,4dcc9943c906c1954c4d2b045041ee24fcb38358d7bb6aa057ce1f31bb5d2045,ok
2022-04-12,dc826020dc6ed3c38dab9e32dc179e9cd7e64a67557f6a12b042a6b45b14d59d,ok
2022-05-04,35f4c6fb9a58953930dd30911e30af7b68548f523f23cac3b6a3014a79efc517,ok
2022-05-06,f5c9374d30de867c1f9115d941cbef2cef247750491359503aaa303195a0b476,ok
2022-05-11,c202a679e74004a6b01366403dc664298b27cc8b492573dce2fdad143210d2bf,ok
2022-06-03,6a29c2bc4fef8747dae27bffe97be07fde883163a3f6087485f098c6ca642749,ok
2022-06-10,469199e92e130f1bfd9615c429e980068f2b14ae1af5ad7a8fdec0917d75753b,ok
2022-06-15,e2575459de652e102a7b19ebbf83d8e13fc6451ebaa65435dfccd22f8beb00fa,ok
2022-07-08,b613efbbdb777c9c664cbd7904c06c30704e1187cd825240c13827a7c5dd56fd,ok
2022-07-13,3522052f9167210754d2e4ac268857f6e445bf0b6806e44714d0eeee14532881,ok
2022-07-27,fe2fc3ad986ea77860a5af643fd6697d1e5cf21d9f2f7ee79b7c811b9740596c,ok
2022-08-05,7f337d90aac04ca22636b8a9b6a287e483bae620ce8c231dbdcaba988aca794c,ok
2022-08-10,c3185c7b292652e4fd327061f2a56acd820a943d86d3bfb9e258f0849f24ad66,ok
2022-09-02,ebdce8d7bcdb1364ef97b3e98301b1c2fe6a6816bd0c6bbca3760292209bfcbe,ok
2022-09-13,40c1ca3cab0a9ba366f89b219ccb85713d3d1dc38177d3024f496fa8e489813a,ok
2022-09-21,5c889bfab90836d734519ab9af5fee3015be27b5d4d479cad10bcd095ccfe570,ok
2022-10-07,ca10c99945c130aaeeb100242b75c0f60866a988a45609379e42b392ddc4452a,ok
2022-10-13,65bf8142a6025180acbf8a7f04bad080c67f19d8d6d56fec4ac62231fdcb191a,ok
2022-11-02,22249ed3bd14a992239e84b05cb5a1d49176fb28f253840062396bde0da64e3f,ok
2022-11-04,cdc1450855e08e9b88acfd367845402cdda25da6586a8256cddd8c30fadd1222,ok
2022-11-10,1f2cd9121fb5c60f9fd26ade3f9bb49e4036f148a29f39ff11d35c53b63ff33d,ok
2022-12-02,43e49958e848573784653c5c8a0c79dc3fd72abecca1c20fbb32e1e1cf19b53c,ok
2022-12-13,45c7181dc6da15ee47076547ed58ea149fdedbda2db50086359fcf0dffdda923,ok
2022-12-14,d755951f9b1bf494de99edf09a89b320f26ce8a6580151e22b5c4f8e0ca79f37,ok
2023-01-06,3b345534655cf59860191c999e552f56ce2aef9a9655aef58dd97a45f396f4a3,ok
2023-01-12,f8db8327940646edeb5fb1568dfcdcf1c6c3d8692a9ba883e1048a9889a01592,ok
2023-02-01,7f3423edfddf717a4f5453f129dd7688bc7a00bb1bec09a9adf720d679589ce1,ok
2023-02-03,e59db7a7e71cdf85d705972abac3209c6e68e15380a6062ac561f1cf54dcc496,ok
2023-02-14,5be95ce691b93c927139d8c355b8ec5b679c01f9680c7c349da5e379d8da8346,ok
2023-03-10,eeacc24a5567d2715635ce31ee9a30eba5829980ac6bc3a57840e91ddb76b6a7,ok
2023-03-14,354f0c3f87eed762c7411df1a62e22bf547d6ec821e9c26e8a678d8307e1b408,ok
2023-03-22,5572e2b644f6090b8fca26480d484285d5aeaaec0001ff9a17a3c3b4cb140e5e,ok
2023-04-07,e8a81174b87b1dcbac31d5b2f674123afca764f32c40919c2403c713c9df1c38,ok
2023-04-12,911c6366b87212c9c50c432b3e9e61dba879728d88fa145395b19455ccdbc83a,ok
2023-05-03,72d63977ad4e3297c9495a26762ea895e8e9b1488e14bfb0cb412af4e6816217,ok
2023-05-05,888dc8c431b421f7fce495746c1c7df492f6f9f6c168934db8b9f53e6d53fd2e,ok
2023-05-10,ac3a6835bd366a144720b3119a6a90d749ba39ef0b5dc03cccc955638fba4dff,ok
2023-06-02,b8786105794dc7103d11a20278bf3d0ddc8040580ace7083af0895c33b817ebd,ok
2023-06-13,96385b08a51121eeff8c50f7274ab203194398f0aab0d8fb1894d36af1651398,ok
2023-06-14,052ad7cda1e95757fb14347bc7c319b0c5974dd205a2d2ce83716f32a1d9964e,ok
2023-07-07,9f38c78da469e9686f4942b7989e30b59c2632c3af21c3abd718af248ddea30b,ok
2023-07-12,dd0af89f189f362411d84d97a52d94bd9586ca119cf58bdc49dc545c26033a14,ok
2023-07-26,5d8c7fbe0c387a45dcca3c1963a2fb285647d0e49543aaae440404e377c902a7,ok
2023-08-04,31d491725c71a7603163626d113592116bf2ea1857a737674fd4a39f7e127a3d,ok
2023-08-10,e2b1f2debf54069846d5628bad44a75a49ec17cbe1402026c404f6d6ac71e23a,ok
2023-09-01,d56d9d829a41ba6d411578cf80447e49d4fcbce8de18bf8f6c53875563c31149,ok
2023-09-13,bf66c6b786fe1c7c06436f924700df148fe99d05ea5a025e954460cd0e902d0c,ok
2023-09-20,e25ac82173384b8eb427e6e3a71aa21b3f8aa497977142b5401ea28c08e1271f,ok
2023-10-06,954343ebf72c0e6ab134e97b4aa6dcd3a5b2e5978458df69cd90fc34dce3347c,ok
2023-10-12,2d657c368cbbb0003c81b1ac5877b9c5a21b2da6b46613b4778dba00a889a910,ok
2023-11-01,ce6d5f358205c5cb8a03ad12d1935e5145c8898915d2650e75469a0ce1efed92,ok
2023-11-03,64cd9839d0bebcfc1863ff4323edf04c5fa9400b3e8e3799e4fd4b0c62f777f6,ok
2023-11-14,466b6cd9cd95480540d30c62a3cafce55a2565966c739e6bed4005844bbef5a5,ok
2023-12-08,76e6cd99f6772c006ec370087f63bb676923800d7be593229d36d0756e9f868c,ok
2023-12-12,cc383de4e7efe2657f8037b1edada5744a16b74e020599c86ab9c99f7cd9eba8,ok
2023-12-13,2a23b57905c6075c2838277523c33e5dbd8d9d86fffbf3c1bb328fc09368f3a4,ok
2024-01-05,97ddbfe8e78df5872e64833d9b6ff91ce6b8c16ee55863f2310dad634576fc62,ok
2024-01-11,e4f7de02849190ae81b3ffddf323cec9b9bfc8d42900ee46819d4aff4eb659fb,ok
2024-01-31,020c001d55214fbd12a5f8c5be28582fdaaf2968fe1126c27c0fba1d49ebc2ca,ok
2024-02-02,98fba556d04e20a0e5a58a7c65f704bdafe0366e6ff840b19f7d408dc7394701,ok
2024-02-13,1b788e6171568291265792e467ef672889f2f53b8f0d1fa61fc097024d50934c,ok
2024-03-08,1e9547d22be5fe9a2920692915013141c9a95075affd2109c937b8c10a71e763,ok
2024-03-12,413e4ae1b6b911f44414083e22af37157433bd3fec70a33d6710cc09be095f4f,ok
2024-03-20,4a0c42d68e3060da97647256581112e52dcec393deca3cafb28a466eeb1db10f,ok
2024-04-05,0f0deef9265b1907db77025dcaf99de4e623147f61d29f817cbd82ca99acc057,ok
2024-04-10,d81ae465dc2e331cf229e2fdde3a11b1eee8dda9c51e6ff80e9be1e1d2097b07,ok
2024-05-01,6048bb09da1ed2a8e3b9565445813dde3a3b296af8ec3ee6d0045e5e725d1d6d,ok
2024-05-03,38b4eea571a73ac03c68680f803bad03fd15efbdfabcf0c3c2d497fe139b9150,ok
2024-05-15,51cb7e97453020c16e6197d4e6e96bfefef637d2aaf00ceb9a7dbf43cdd0a115,ok
2024-06-07,d83bfda052a76bf4cbcf46a125a61e2e1af6ef84c287d4e18888df39861da0c9,ok
2024-06-12,0c320d34aa4176948c8288407016db06b981af465ce0217dc1ee1ae2ec857e47,ok
2024-07-05,4009f83bda2f9f9fe53b1f3fe6b63882e1e4d145909fbb7a41d7caffc6added6,ok
2024-07-11,de52732abcf8745e7486d045de4599aad0bdb853d83a1da864ecff963191a985,ok
2024-07-31,05f0526c55e92a71a3cda957e713a0f8340229e3373ecc841e33e3ad1e4748f4,ok
2024-08-02,d759ffcdafa94cf46834b260ea0b928f48392f92059357e3cefb436fa9b2aa03,ok
2024-08-14,c39e5a953278c268cd66c3601804572b2b71fbdd5d3d687d670bfa7238703318,ok
2024-09-06,92803dcd6240882f91fe32a3468ebdcc75b6022020d9ac8016349ed4107a72a3,ok
2024-09-11,c909b39b3438a16ebf8bc73a4001587f3987942feee5bd24bf0378a80bce194f,ok
2024-09-18,cfb0d0da6be88598e5303fbd21a6a528f41c226a77f09e98e83951252578950e,ok
2024-10-04,8fe41cec7309e244e541ce78cdcc15671c4f9784558a06223d118e3cec001a2c,ok
2024-10-10,4a9d89cf465f0805b68298f534a8e0e5d7897aeb8a8d0d21b9011157361c2bc6,ok
2024-11-01,7a9e87de6e4bf2ffabd055bf49e78299abedf6c392b8a9f2170679fc2dc01bf6,ok
2024-11-07,d268912b847127af422c8c05370fd094cd5cae20974867a379c2ff0c16426614,ok
2024-11-13,a2f1e63f6166ceb5b078420d98212d1ab6681f980bb7b42d67d2ed66199f4505,ok
2024-12-06,db9f675e4247948148a01862e9f3c2d5d907c9fd582368d339edccca05fab540,ok
2024-12-11,236567f5c22cb1cd8bb3f9c60594eab0b47f082c59da05b641335c1a014d7163,ok
2024-12-18,c26a127b888982d67124344f5689c75d500b4b982d86d64e8845c117c377e09c,ok
2025-01-10,39ef751cafbedb7d87cae07fab4691d977e5fc22a4c44f6aab688a2221d6154e,ok
2025-01-15,1ab8b57ac979c82b18d76a81311ed6e2cca5774837349220f3815aa0dc677302,ok
2025-01-29,df2701264432baae519ba4f140a2405bf095eef523b77f022d9109a03122d7e5,ok
2025-02-07,e3d2acbee5931f2f9b804519a82d6353c0798d8b3421e833e391728155595104,ok
2025-02-12,d8b778cdbf9ad01ad2126cafe80dd6173b893a27a0dd4ca2bcf6834665280135,ok
2025-03-07,9cd26025a1e5a8c83ccccb54529a164419e05b46f9798161db17ac026609499f,ok
2025-03-12,365167d11e8db0428f5a0abe79de5574516d9f210c839c5fa3ea77bf88dfd242,ok
2025-03-19,2f52d52aae6fe1a01bfafea18ac1ae91d083b789b719f9c3f3553d092a6e2ba8,ok
2025-04-04,c5a179db5f8efadc1090df9848f5a24b0f4aa3fdaff91e82ee674ea466043af0,ok
2025-04-10,71b77c5fe39d656701be3e0e5b93086175f97018332e6a937a3e3c0dca75ee27,ok
2025-05-02,543706d8cd5aaaae30e2c4a88ed7fd764c271ec65bd2f59cf60f1179859e7523,ok
2025-05-07,1dcda587ba52c9225d54269fd16cc922e416307db9fcc8e0233514760e23bd66,ok
2025-05-13,4172159e80bb98abb3a2e255693c08b7c3b12ba93f6385df1da4909e8f039291,ok
2025-06-06,212c7a00f05dbfe344e396d24d92bb2849a786c337f4e83454c72d7ca7d14ba5,ok
2025-06-11,7efa83088bf784a3d8b7d8844d2fe2bf14002f8bd033cd7565120d15b82ea42c,ok
2025-06-18,efc1a0b378793b81042240af898bb6c2bef684abc691d4016a8b02d1be2a71c4,ok
2025-07-03,a9f035c1c87baa024f4aac00e1e44a31af5e9edb256551b7291bb9c8800aa19e,ok
2025-07-15,73384873cb84539d0916926a2cb1bfa83077c2dabc4a7a7002d0c0e7761025c2,ok
2025-07-30,6b4cf1c9d1981b4283a4248635ca5f4f571349bb88de15eacfd05f7222c48635,ok
2025-08-01,2490d6c8b2173fec1925f923b16b0a298dc0968a4a1a60ac88f95cb68ec5a754,ok
2025-08-12,e18c692dcfe507892f59c7b0184b8252f56d4b27291446a4ced5f2ddf7563990,ok
2025-09-05,c9cfb62a149f8ea94c3a20fd100edc7b2b85d45f190f3a3359d607d6368de549,ok
2025-09-11,834e86538167de4c44dd873f1284f219f5ffc40b1fbe15ecc031336fd0dd8c86,ok
2025-09-17,2a0b87bf08f3579f9dd5d0afbe12f97693edc0d81e644520108a7b3a738fe546,ok
2025-10-24,abc62da288278030f8525f1909249c01683aaf525dfd8bf88ea84d600a808edb,ok
2025-10-29,ea690d13ff32c5feb6b2a17316848e744584cb0f6c065601179cdc0b1d5a37e8,ok
2025-11-20,355bad608ec21f1da9ed115e7e263527b0df40ba5f783dbcb0034f749c63a895,ok
2025-12-10,9967563018e49f7967a118cf1449f4c0a3911877c638be3b000609ded0a962f8,ok
2025-12-16,b82826b5d8c8da11603a27f5be92ea747a73063382e9f041763a8e700ea252d4,ok
2025-12-18,2d35f4bce2a148d5899246ded40c2c19abd1896bf1384164dd2321f6d55e4a81,ok
2026-01-09,f8479a4d8556a74b94ce4fe78661533ed3c78a9fbaa3fdce79b606e04a540d8c,ok
2026-01-13,0b63bfece149bafec08414fe6a4eaa1fe1a2cf4748e65ece3e3ae6dcccb534b3,ok
2026-01-28,bd7d3f78cf05bba04fb45f72ae107237bfc6a45e9020b62d708d919a7ba69aa0,ok
2026-02-11,428dec3f66e3ab4a2bc8e9c8ae3cde735bf8ed9c39796316616cbaf026c74043,ok
2026-02-13,d700d6cd66abaa6d19e78b6e5d7e30c2dfea7cf3c00041abb1ba136411ba8806,ok
2026-03-06,950ff72908ead7dec1f1d7772bb0bedb92e8539dca651e7ea016dc27fb0e82ee,ok
2026-03-11,693dd4e913ec62578495f7004ce69ec64c03e4ab3d437acd2a0ec47182c98394,ok
2026-03-18,acd3bf12f20a5175091055d97f31fa5b8730bea9f52e3db48c4a7ab48f9b6b51,ok
2026-04-03,7feb0286bb320124d7d0488ad36951b624671380a8b74d80e1d2e4cb4592e44d,ok
2026-04-10,6e64f9ba0d3cec2ad1cfb5a17daa72059f8fb7caeca25d3f3aa827bbbcb6f3dd,ok
2026-04-29,624328df76c7b9203b8db45a6a4e08b0aa97a1d45b0a729f824d926b0271eb11,ok
2026-05-08,5ca22031e702e28120898dd3590865c92b4e8f19945d4fb50d83712eb468c80d,ok
2026-05-12,ab932234fe8fe5b839324e27d419777684d6a27fc6d6cfd53a3fd46b91d3332e,ok
2026-06-05,72358d45f0fce36c04646b8ff408f262d46eea4851716db3dfe7288b527e4aa1,ok
2026-06-10,ddaa4fe45e76d0a85c51bf339b6a67d20a9addeeece9ecb598741b13a245dcd9,ok
2026-06-17,dd4b3d280c1ec7d4e8fbb2eb00dbabd7de32e808b2afbe62a234c825f5d223ef,ok
2026-07-02,30fce64659bb5e53422ee776805b92aea477d988b20c51d911c397758c49beac,ok
2026-07-14,e9aa447e31c6c1a341ecd3d97d86bcfc3c08959901d999cc9b9088807846b515,ok
2026-07-29,d5066d74aee53c8186b41c32121f32027524a56e732b22ae356f1f6a9c33dc40,ok
